genome	Kingdom	Phylum	Class	Order	Family	Genus	Species	Organism
AA3.1	Bacteria	Actinomycetota	Actinomycetes	Streptomycetales	Streptomycetaceae	Streptomyces	Streptomyces microflavus	Streptomyces microflavus AA3.1
AB3.3	Bacteria	Actinomycetota	Actinomycetes	Streptomycetales	Streptomycetaceae	Streptomyces	Streptomyces sp.	Streptomyces sp. AB3.3
AB4.1	Bacteria	Actinomycetota	Actinomycetes	Streptomycetales	Streptomycetaceae	Streptomyces	Streptomyces anulatus	Streptomyces anulatus AB4.1
AB4.5	Bacteria	Actinomycetota	Actinomycetes	Streptomycetales	Streptomycetaceae	Streptomyces	Streptomyces sp.	Streptomyces sp. AB4.5
AD3.2	Bacteria	Actinomycetota	Actinomycetes	Streptomycetales	Streptomycetaceae	Streptomyces	Streptomyces griseoincarnatus	Streptomyces griseoincarnatus AD3.2
AD6.2	Bacteria	Actinomycetota	Actinomycetes	Streptomycetales	Streptomycetaceae	Streptomyces	Streptomyces otsuchiensis	Streptomyces otsuchiensis AD6.2
AG2.3	Bacteria	Actinomycetota	Actinomycetes	Streptomycetales	Streptomycetaceae	Streptomyces	Streptomyces longhuiensis	Streptomyces longhuiensis AG2.3
AG2.4	Bacteria	Actinomycetota	Actinomycetes	Streptomycetales	Streptomycetaceae	Streptomyces	Streptomyces mutomycini	Streptomyces mutomycini AG2.4
AG4.12	Bacteria	Actinomycetota	Actinomycetes	Streptomycetales	Streptomycetaceae	Streptomyces	Streptomyces sp.	Streptomyces sp. AG4.12
AG4.13	Bacteria	Actinomycetota	Actinomycetes	Streptomycetales	Streptomycetaceae	Streptomyces	Streptomyces albidoflavus	Streptomyces albidoflavus AG4.13
CHA2	Bacteria	Actinomycetota	Actinomycetes	Streptomycetales	Streptomycetaceae	Streptomyces	Streptomyces albidoflavus	Streptomyces albidoflavus CHA2
CHC16	Bacteria	Actinomycetota	Actinomycetes	Streptomycetales	Streptomycetaceae	Streptomyces	Streptomyces sp029813785	Streptomyces sp. CHC16
CHC8	Bacteria	Actinomycetota	Actinomycetes	Streptomycetales	Streptomycetaceae	Streptomyces	Streptomyces sp029813785	Streptomyces sp. CHC8
CHD11	Bacteria	Actinomycetota	Actinomycetes	Streptomycetales	Streptomycetaceae	Streptomyces	Streptomyces sp018638295	Streptomyces sp. CHD11
H-CB3	Bacteria	Actinomycetota	Actinomycetes	Streptomycetales	Streptomycetaceae	Streptomyces	Streptomyces prasinus	Streptomyces prasinus H-CB3
IpFC-1	Bacteria	Actinomycetota	Actinomycetes	Streptomycetales	Streptomycetaceae	Streptomyces	Streptomyces albidoflavus	Streptomyces albidoflavus IpFC-1
VH47-3	Bacteria	Actinomycetota	Actinomycetes	Streptomycetales	Streptomycetaceae	Streptomyces	Streptomyces sp002910825	Streptomyces sp. VH47-3
VS4-2	Bacteria	Actinomycetota	Actinomycetes	Streptomycetales	Streptomycetaceae	Streptomyces	Streptomyces sp.	Streptomyces sp. VS4-2
Vc17.4	Bacteria	Actinomycetota	Actinomycetes	Streptomycetales	Streptomycetaceae	Streptomyces	Streptomyces albidoflavus	Streptomyces albidoflavus Vc17.4
Vc67-4	Bacteria	Actinomycetota	Actinomycetes	Streptomycetales	Streptomycetaceae	Streptomyces	Streptomyces sp.	Streptomyces sp. Vc67-4
GCA_018638305.1_ASM1863830v1_genomic	Bacteria	Actinomycetota	Actinomycetia	Streptomycetales	Streptomycetaceae	Streptomyces	Streptomyces sp000527195	Streptomyces sp. Vc74B-19
GCA_024499195.1_ASM2449919v1_genomic	Bacteria	Actinomycetota	Actinomycetia	Streptomycetales	Streptomycetaceae	Streptomyces	Streptomyces albidoflavus	Streptomyces sp. G11C(2021)
GCA_024105145.1_ASM2410514v1_genomic	Bacteria	Actinomycetota	Actinomycetia	Streptomycetales	Streptomycetaceae	Streptomyces	Streptomyces albidoflavus	Streptomyces sp. Vc714c-19
GCA_024105195.1_ASM2410519v1_genomic	Bacteria	Actinomycetota	Actinomycetia	Streptomycetales	Streptomycetaceae	Streptomyces	Streptomyces albidoflavus	Streptomyces sp. CHB19.2
GCA_024105205.1_ASM2410520v1_genomic	Bacteria	Actinomycetota	Actinomycetia	Streptomycetales	Streptomycetaceae	Streptomyces	Streptomyces albidoflavus	Streptomyces sp. Vc17.3-30
GCA_024105315.1_ASM2410531v1_genomic	Bacteria	Actinomycetota	Actinomycetia	Streptomycetales	Streptomycetaceae	Streptomyces	Streptomyces albidoflavus	Streptomyces sp. CHA3
GCA_024105335.1_ASM2410533v1_genomic	Bacteria	Actinomycetota	Actinomycetia	Streptomycetales	Streptomycetaceae	Streptomyces	Streptomyces albidoflavus	Streptomyces sp. CHB9.2
GCA_024107415.1_ASM2410741v1_genomic	Bacteria	Actinomycetota	Actinomycetia	Streptomycetales	Streptomycetaceae	Streptomyces	Streptomyces albidoflavus	Streptomyces sp. CHA15
GCA_024107435.1_ASM2410743v1_genomic	Bacteria	Actinomycetota	Actinomycetia	Streptomycetales	Streptomycetaceae	Streptomyces	Streptomyces albidoflavus	Streptomyces sp. CHA16
GCA_024107455.1_ASM2410745v1_genomic	Bacteria	Actinomycetota	Actinomycetia	Streptomycetales	Streptomycetaceae	Streptomyces	Streptomyces albidoflavus	Streptomyces sp. EL9
GCA_024107465.1_ASM2410746v1_genomic	Bacteria	Actinomycetota	Actinomycetia	Streptomycetales	Streptomycetaceae	Streptomyces	Streptomyces albidoflavus	Streptomyces sp. IpFD-1.1
GCA_024107495.1_ASM2410749v1_genomic	Bacteria	Actinomycetota	Actinomycetia	Streptomycetales	Streptomycetaceae	Streptomyces	Streptomyces albidoflavus	Streptomyces sp. EL5
GCA_024107515.1_ASM2410751v1_genomic	Bacteria	Actinomycetota	Actinomycetia	Streptomycetales	Streptomycetaceae	Streptomyces	Streptomyces albidoflavus	Streptomyces sp. CHA1
GCA_026153095.1_ASM2615309v1_genomic	Bacteria	Actinomycetota	Actinomycetia	Streptomycetales	Streptomycetaceae	Streptomyces	Streptomyces sp.	Streptomyces sp. VB1
